,PLAYER_ID,PLAYER_NAME,TEAM_ID,TEAM_ABBREVIATION,GP,W,L,MIN,DIST_FEET,DIST_MILES,DIST_MILES_OFF,DIST_MILES_DEF,AVG_SPEED,AVG_SPEED_OFF,AVG_SPEED_DEF
0,1627741,Buddy Hield,1610612754,IND,1,0,1,27.0,10732,2.0,1.0,1.0,4.21,4.35,4.09
1,1629002,Chimezie Metu,1610612758,SAC,1,0,1,21.0,7789,1.5,0.8,0.7,4.11,4.52,3.71
2,1627745,Damian Jones,1610612758,SAC,1,0,1,24.0,8682,1.6,0.9,0.8,3.77,4.3,3.71
3,1630558,Davion Mitchell,1610612758,SAC,1,0,1,38.0,14949,2.8,1.5,1.4,4.19,4.63,4.07
4,203084,Harrison Barnes,1610612758,SAC,1,0,1,39.0,16053,3.0,1.6,1.4,4.29,4.86,3.78
5,203090,Maurice Harkless,1610612758,SAC,1,0,1,31.0,12061,2.3,1.2,1.1,4.13,4.3,3.96
6,1626158,Richaun Holmes,1610612758,SAC,1,0,1,24.0,8686,1.6,0.9,0.8,3.73,4.42,3.55
7,1630169,Tyrese Haliburton,1610612754,IND,1,0,1,36.0,14311,2.7,1.5,1.2,4.15,4.8,3.56
