,PLAYER_ID,PLAYER_NAME,TEAM_ID,TEAM_ABBREVIATION,GP,W,L,MIN,DIST_FEET,DIST_MILES,DIST_MILES_OFF,DIST_MILES_DEF,AVG_SPEED,AVG_SPEED_OFF,AVG_SPEED_DEF
0,1628449,Chris Boucher,1610612761,TOR,1,0,1,38.0,14904,2.8,1.4,1.4,4.08,3.95,4.21
1,1627832,Fred VanVleet,1610612761,TOR,1,0,1,41.0,15949,3.0,1.6,1.4,4.12,4.41,3.83
2,1630551,Justin Champagnie,1610612761,TOR,1,0,1,9.0,3914,0.7,0.4,0.3,4.28,4.64,3.87
3,1628384,O.G. Anunoby,1610612761,TOR,1,0,1,34.0,12772,2.4,1.2,1.2,3.99,4.09,3.9
4,1627783,Pascal Siakam,1610612761,TOR,1,0,1,42.0,16068,3.0,1.6,1.4,4.0,4.19,3.81
5,1630173,Precious Achiuwa,1610612761,TOR,1,0,1,37.0,13811,2.6,1.3,1.3,3.97,3.87,4.07
6,1630567,Scottie Barnes,1610612761,TOR,1,0,1,39.0,16225,3.1,1.7,1.4,4.4,4.8,4.0
