,PLAYER_ID,PLAYER_NAME,TEAM_ID,TEAM_ABBREVIATION,GP,W,L,MIN,DIST_FEET,DIST_MILES,DIST_MILES_OFF,DIST_MILES_DEF,AVG_SPEED,AVG_SPEED_OFF,AVG_SPEED_DEF
0,1628449,Chris Boucher,1610612761,TOR,1,0,1,34.0,12670,2.4,1.3,1.1,3.95,4.14,3.75
1,1627832,Fred VanVleet,1610612761,TOR,1,0,1,42.0,16460,3.1,1.8,1.3,4.19,4.8,3.55
2,1630551,Justin Champagnie,1610612761,TOR,1,0,1,16.0,7083,1.3,0.7,0.6,4.34,4.55,4.12
3,1628384,O.G. Anunoby,1610612761,TOR,1,0,1,43.0,16496,3.1,1.6,1.5,4.05,4.11,3.98
4,1627783,Pascal Siakam,1610612761,TOR,1,0,1,44.0,16330,3.1,1.7,1.4,4.01,4.53,3.51
5,1630173,Precious Achiuwa,1610612761,TOR,1,0,1,33.0,12889,2.4,1.2,1.2,4.08,4.09,4.07
6,1630567,Scottie Barnes,1610612761,TOR,1,0,1,28.0,10944,2.1,1.0,1.0,4.17,4.32,3.69
