,PLAYER_ID,PLAYER_NAME,TEAM_ID,TEAM_ABBREVIATION,GP,W,L,MIN,DIST_FEET,DIST_MILES,DIST_MILES_OFF,DIST_MILES_DEF,AVG_SPEED,AVG_SPEED_OFF,AVG_SPEED_DEF
0,1626171,Bobby Portis,1610612749,MIL,1,1,0,35.0,12946,2.5,1.3,1.2,4.07,4.47,3.72
1,1628978,Donte DiVincenzo,1610612758,SAC,1,1,0,20.0,7986,1.5,0.8,0.7,4.18,4.53,3.82
2,203507,Giannis Antetokounmpo,1610612749,MIL,1,1,0,38.0,14131,2.7,1.5,1.2,4.0,4.71,3.37
3,1628960,Grayson Allen,1610612749,MIL,1,1,0,32.0,13206,2.5,1.4,1.1,4.48,5.45,3.65
4,201950,Jrue Holiday,1610612749,MIL,1,1,0,36.0,14221,2.7,1.5,1.2,4.21,4.9,3.58
5,203114,Khris Middleton,1610612749,MIL,1,1,0,35.0,13639,2.6,1.4,1.2,4.18,4.8,3.62
6,1626192,Pat Connaughton,1610612749,MIL,1,1,0,25.0,9672,1.8,1.0,0.9,4.09,4.52,4.11
7,1630572,Sandro Mamukelashvili,1610612749,MIL,1,1,0,4.0,1788,0.3,0.2,0.2,3.83,4.95,5.27
8,202083,Wesley Matthews,1610612749,MIL,1,1,0,14.0,5557,1.1,0.6,0.4,4.24,4.72,3.03
