,PLAYER_ID,PLAYER_NAME,TEAM_ID,TEAM_ABBREVIATION,GP,W,L,MIN,DIST_FEET,DIST_MILES,DIST_MILES_OFF,DIST_MILES_DEF,AVG_SPEED,AVG_SPEED_OFF,AVG_SPEED_DEF
0,1629014,Anfernee Simons,1610612757,POR,1,0,1,23.0,9367,1.8,1.0,0.8,4.5,4.7,4.28
1,1628403,Caleb Swanigan,1610612757,POR,1,0,1,23.0,9673,1.8,1.0,0.9,4.28,4.7,4.33
2,2546,Carmelo Anthony,1610612757,POR,1,0,1,37.0,12170,2.3,1.2,1.1,3.51,3.73,3.32
3,203081,Damian Lillard,1610612757,POR,1,0,1,42.0,15067,2.9,1.6,1.3,3.96,4.53,3.44
4,1629018,Gary Trent Jr.,1610612757,POR,1,0,1,31.0,11840,2.2,1.1,1.1,3.94,4.09,3.81
5,202355,Hassan Whiteside,1610612757,POR,1,0,1,33.0,11665,2.2,1.1,1.1,3.8,3.92,3.7
6,1626209,Mario Hezonja,1610612757,POR,1,0,1,14.0,5887,1.1,0.6,0.5,4.31,4.51,4.1
7,2772,Trevor Ariza,1610612757,POR,1,0,1,36.0,12487,2.4,1.2,1.2,3.85,3.95,3.74
